{"_default": {"1": {"ang1": 0.0, "ang2": 0.0, "ang3": 0.0, "ang4": 0.0, "ang5": 0.0, "ang6": 0.0, "nombre": "home"}, "2": {"ang1": 130.0, "ang2": 30.0, "ang3": 30.0, "ang4": 0.0, "ang5": 0.0, "ang6": -90.0, "nombre": "p2"}, "3": {"ang1": -130.0, "ang2": -30.0, "ang3": -30.0, "ang4": 0.0, "ang5": 0.0, "ang6": -90.0, "nombre": "p3"}}, "rutina_actual": {"1": {"id": "control", "rutinas": [], "error": false, "fechas": []}, "2": {"coordenadasCEuler": [267, 348, 132, 81, -62, -161], "coordenadasCQuaterniones": {"position": {"x": 0.2669806356671131, "y": 0.34785747942071216, "z": 0.1318636242240098}, "orientation": {"x": -0.2947388980708716, "y": -0.6133228609349421, "z": -0.5900657975658281, "w": 0.43449557507706466}}, "vel_esc": 10, "ratio": 0, "wait": 0, "plan": "PTP", "rutina": false, "pos": 1, "nombre": "rut2"}, "3": {"coordenadasCEuler": [267, 348, 132, 81, -62, -161], "coordenadasCQuaterniones": {"position": {"x": 0.2669806356671131, "y": 0.34785747942071216, "z": 0.1318636242240098}, "orientation": {"x": -0.2947388980708716, "y": -0.6133228609349421, "z": -0.5900657975658281, "w": 0.43449557507706466}}, "vel_esc": 10, "ratio": 0, "wait": 0, "plan": "PTP", "rutina": false, "pos": 2, "nombre": "rut3"}, "4": {"coordenadasCEuler": [267, 348, 125, 81, -62, -161], "coordenadasCQuaterniones": {"position": {"x": 0.267, "y": 0.348, "z": 0.125}, "orientation": {"x": -0.2943873142126411, "y": -0.6136899403140496, "z": -0.5876492991761231, "w": 0.43748036249164074}}, "vel_esc": 10, "ratio": 0, "wait": 0, "plan": "PTP", "rutina": false, "pos": 3, "nombre": "rut4"}, "5": {"coordenadasCEuler": [271, 358, 196, 41, -18, -133], "coordenadasCQuaterniones": {"position": {"x": 0.27079252587267333, "y": 0.358330561685929, "z": 0.1962069011445961}, "orientation": {"x": 0.002543595686051904, "y": -0.3733273811905298, "z": -0.8271869684629005, "w": 0.419978470614344}}, "vel_esc": 10, "ratio": 0, "wait": 0, "plan": "PTP", "rutina": false, "pos": 4, "nombre": "rut5"}}, "Puntos_editables": {}, "rutina1": {"1": {"id": "control", "rutinas": [], "error": false, "fechas": []}, "2": {"coordenadasCEuler": [-1, 135, 666, 0, 0, 0], "coordenadasCQuaterniones": {"position": {"x": -0.00148, "y": 0.13466, "z": 0.66575}, "orientation": {"x": 0.0, "y": 0.0, "z": 0.0, "w": 1.0}}, "vel_esc": 10, "ratio": 0, "wait": 0, "plan": "PTP", "rutina": false, "pos": 1, "nombre": "rut2"}, "3": {"coordenadasCEuler": [-1, 135, 666, 0, 0, 0], "coordenadasCQuaterniones": {"position": {"x": -0.00148, "y": 0.13466, "z": 0.66575}, "orientation": {"x": 0.0, "y": 0.0, "z": 0.0, "w": 1.0}}, "vel_esc": 10, "ratio": 0, "wait": 0, "plan": "PTP", "rutina": false, "pos": 2, "nombre": "rut3"}, "4": {"coordenadasCEuler": [-1, 135, 666, 0, 0, 0], "coordenadasCQuaterniones": {"position": {"x": -0.00148, "y": 0.13466, "z": 0.66575}, "orientation": {"x": 0.0, "y": 0.0, "z": 0.0, "w": 1.0}}, "vel_esc": 10, "ratio": 0, "wait": 0, "plan": "PTP", "rutina": false, "pos": 3, "nombre": "rut4"}, "5": {"coordenadasCEuler": [108, 279, 592, 0, 31, 42], "coordenadasCQuaterniones": {"position": {"x": 0.10818819264786829, "y": 0.2786643781563539, "z": 0.5921990831412302}, "orientation": {"x": -0.09576966887498073, "y": 0.24948851711555858, "z": 0.3453342696357826, "w": 0.8996265294921981}}, "vel_esc": 10, "ratio": 0, "wait": 0, "plan": "PTP", "rutina": false, "pos": 4, "nombre": "rut5"}, "6": {"coordenadasCEuler": [108, 279, 592, 0, 31, 42], "coordenadasCQuaterniones": {"position": {"x": 0.10818819264786829, "y": 0.2786643781563539, "z": 0.5921990831412302}, "orientation": {"x": -0.09576966887498073, "y": 0.24948851711555858, "z": 0.3453342696357826, "w": 0.8996265294921981}}, "vel_esc": 10, "ratio": 0, "wait": 0, "plan": "PTP", "rutina": false, "pos": 5, "nombre": "rut6"}, "7": {"coordenadasCEuler": [108, 279, 592, 0, 31, 42], "coordenadasCQuaterniones": {"position": {"x": 0.10818819264786829, "y": 0.2786643781563539, "z": 0.5921990831412302}, "orientation": {"x": -0.09576966887498073, "y": 0.24948851711555858, "z": 0.3453342696357826, "w": 0.8996265294921981}}, "vel_esc": 10, "ratio": 0, "wait": 0, "plan": "PTP", "rutina": false, "pos": 6, "nombre": "rut7"}}}