{"_default": {"1": {"ang1": 0.0, "ang2": 0.0, "ang3": 0.0, "ang4": 0.0, "ang5": 0.0, "ang6": 0.0, "nombre": "home"}, "2": {"ang1": 130.0, "ang2": 30.0, "ang3": 30.0, "ang4": 0.0, "ang5": 0.0, "ang6": -90.0, "nombre": "p2"}, "3": {"ang1": -130.0, "ang2": -30.0, "ang3": -30.0, "ang4": 0.0, "ang5": 0.0, "ang6": -90.0, "nombre": "p3"}}, "rutina_actual": {"1": {"id": "control", "rutinas": [], "error": false, "fechas": []}, "2": {"coordenadasCEuler": [-17, 134, 664, 1, -1, -4], "coordenadasCQuaterniones": {"position": {"x": -0.016743013988218185, "y": 0.13392248551077773, "z": 0.6640332022822817}, "orientation": {"x": 0.00819371081603036, "y": -0.008498684693094774, "z": -0.03437839183459018, "w": 0.9993391624650851}}, "vel_esc": 10, "ratio": 0, "wait": 0, "plan": "PTP", "rutina": false, "pos": 1, "nombre": "rut2"}, "3": {"coordenadasCEuler": [-201, -230, 427, 24, -73, 51], "coordenadasCQuaterniones": {"position": {"x": -0.2011254853526614, "y": -0.23009711703654495, "z": 0.4267446736432455}, "orientation": {"x": 0.39992578204601537, "y": -0.4502825010029203, "z": 0.45102432634743095, "w": 0.6586972712773934}}, "vel_esc": 10, "ratio": 0, "wait": 0, "plan": "PTP", "rutina": false, "pos": 2, "nombre": "rut3"}, "4": {"coordenadasCEuler": [-126, 50, 665, 0, 5, 68], "coordenadasCQuaterniones": {"position": {"x": -0.12599570103665556, "y": 0.05029105519248018, "z": 0.6648907200486822}, "orientation": {"x": -0.024391651868437444, "y": 0.0361621110176962, "z": 0.558660675733645, "w": 0.8282485124856548}}, "vel_esc": 10, "ratio": 0, "wait": 0, "plan": "PTP", "rutina": false, "pos": 3, "nombre": "rut4"}}}